code_2,code_3,country,region,subregion,population,capital,name_norm,homicide_rate,gpi_score,gpi_rank,advisory_level,homicide_log,homicide_norm,gpi_filled,gpi_norm,advisory_norm,TSI,cluster,risk_tier
AG,ATG,Antigua and Barbuda,Americas,Caribbean,103603,Saint John's,antigua and barbuda,10.665,,,,2.4565929054733933,43.54393177705842,1.9969999999999999,61.551577152600174,50,50.88304585660342,0,Caution
BT,BTN,Bhutan,Asia,Southern Asia,784043,Thimphu,bhutan,2.46,1.536,21.0,,1.2412685890696329,71.47384737968804,1.536,81.20204603580562,50,67.95015276261691,3,Safe
IT,ITA,Italy,Europe,Southern Europe,58927633,Rome,italy,0.545,1.662,33.0,2.0,0.43502391034970883,90.00251954379831,1.662,75.83120204603581,66,78.55036843133007,3,Safe
TV,TUV,Tuvalu,Oceania,Polynesia,10643,Funafuti,tuvalu,0.0,,,,0.0,100.0,1.9969999999999999,61.551577152600174,50,73.46547314578005,2,Moderate
AI,AIA,Anguilla,Americas,Caribbean,16010,The Valley,anguilla,28.328,,,,3.378542691097349,22.356188427582993,1.9969999999999999,61.551577152600174,50,42.40794851681325,0,Caution
AU,AUS,Australia,Oceania,Australia and New Zealand,27536874,Canberra,australia,0.854,1.505,18.0,1.0,0.6173454671436635,85.81250571369287,1.505,82.52344416027282,100,89.082035533559,3,Safe
BZ,BLZ,Belize,Americas,Central America,417634,Belmopan,belize,27.882,,,,3.363218563704373,22.70835910251546,1.9969999999999999,61.551577152600174,50,42.54881678678623,0,Caution
VU,VUT,Vanuatu,Oceania,Melanesia,321409,Port Vila,vanuatu,0.321,,,,0.2783890255401883,93.60221639352719,1.9969999999999999,61.551577152600174,50,70.90635970319093,2,Moderate
BY,BLR,Belarus,Europe,Eastern Europe,9109280,Minsk,belarus,2.326,2.267,119.0,,1.201770380770736,72.38157349801969,2.267,50.04262574595056,50,58.965417122993045,2,Moderate
MU,MUS,Mauritius,Africa,Eastern Africa,1243741,Port Louis,mauritius,2.232,1.586,26.0,,1.173101140658849,73.04043422014033,1.586,79.07075873827792,50,67.93740130953951,3,Safe
LA,LAO,Laos,Asia,South-Eastern Asia,7647000,Vientiane,laos,,1.783,47.0,,1.332366019094335,69.38029630211616,1.783,70.67348678601876,50,63.95416455665209,2,Moderate
SN,SEN,Senegal,Africa,Western Africa,18593258,Dakar,senegal,,1.936,69.0,,1.332366019094335,69.38029630211616,1.936,64.15174765558397,50,61.99764281752166,2,Moderate
TR,TUR,Turkey,Asia,Western Asia,85664944,Ankara,turkey,3.228,,,2.0,1.4417290680079913,66.86697480844015,1.9969999999999999,61.551577152600174,66,65.0122630691561,2,Moderate
BO,BOL,Bolivia,Americas,South America,11365333,Sucre,bolivia,4.369,2.005,83.0,,1.6806416714404324,61.37641664202581,2.005,61.21057118499574,50,57.91373801230905,2,Moderate
LK,LKA,Sri Lanka,Asia,Southern Asia,21763170,Sri Jayawardenepura Kotte,sri lanka,3.427,2.075,97.0,,1.487722153750004,65.80998698573279,2.075,58.22676896845694,50,58.7920254848302,2,Moderate
NF,NFK,Norfolk Island,Oceania,Australia and New Zealand,2188,Kingston,norfolk island,,,,,1.332366019094335,69.38029630211616,1.9969999999999999,61.551577152600174,50,61.21759166662652,2,Moderate
CN,CHN,China,Asia,Eastern Asia,1408280000,Beijing,china,0.502,2.093,98.0,3.0,0.406797553341943,90.6512021697902,2.093,57.45950554134697,33,63.39833253032017,2,Moderate
BQ,BES,Caribbean Netherlands,Americas,Caribbean,31980,Kralendijk,caribbean netherlands,,,,,1.332366019094335,69.38029630211616,1.9969999999999999,61.551577152600174,50,61.21759166662652,2,Moderate
GG,GGY,Guernsey,Europe,Northern Europe,64781,St. Peter Port,guernsey,,,,,1.332366019094335,69.38029630211616,1.9969999999999999,61.551577152600174,50,61.21759166662652,2,Moderate
SD,SDN,Sudan,Africa,Northern Africa,51662000,Khartoum,sudan,,3.323,161.0,,1.332366019094335,69.38029630211616,3.323,5.029838022165393,50,44.26106992749608,1,High Risk
YT,MYT,Mayotte,Africa,Eastern Africa,320901,Mamoudzou,mayotte,5.816,,,,1.9192727895270145,55.892327417150035,1.9969999999999999,61.551577152600174,50,55.82240411264007,2,Moderate
BL,BLM,Saint Barthélemy,Americas,Caribbean,10562,Gustavia,saint barthelemy,,,,,1.332366019094335,69.38029630211616,1.9969999999999999,61.551577152600174,50,61.21759166662652,2,Moderate
VA,VAT,Vatican City,Europe,Southern Europe,882,Vatican City,vatican city,,,,,1.332366019094335,69.38029630211616,1.9969999999999999,61.551577152600174,50,61.21759166662652,2,Moderate
TC,TCA,Turks and Caicos Islands,Americas,Caribbean,50828,Cockburn Town,turks and caicos islands,76.582,,,,4.351335441519692,0.0,1.9969999999999999,61.551577152600174,50,33.46547314578005,0,Caution
CW,CUW,Curaçao,Americas,Caribbean,156115,Willemstad,curacao,17.092,,,,2.8954698516155966,33.45790296956831,1.9969999999999999,61.551577152600174,50,46.84863433360738,0,Caution
BW,BWA,Botswana,Africa,Southern Africa,2359609,Gaborone,botswana,10.547,1.743,43.0,,2.4464256629697188,43.77758975724217,1.743,72.37851662404091,50,54.22459089010914,0,Caution
BJ,BEN,Benin,Africa,Western Africa,13224860,Porto-Novo,benin,,2.211,112.0,,1.332366019094335,69.38029630211616,2.211,52.42966751918159,50,58.48101877660094,2,Moderate
LT,LTU,Lithuania,Europe,Northern Europe,2894886,Vilnius,lithuania,2.628,1.558,22.0,,1.2886815322528902,70.38422917349664,1.558,80.26427962489343,50,67.23297555686668,3,Safe
MS,MSR,Montserrat,Americas,Caribbean,4386,Plymouth,montserrat,0.0,,,,0.0,100.0,1.9969999999999999,61.551577152600174,50,73.46547314578005,2,Moderate
VG,VGB,British Virgin Islands,Americas,Caribbean,39471,Road Town,british virgin islands,8.223,,,,2.2217003642535817,48.94210308278005,1.9969999999999999,61.551577152600174,50,53.04231437889207,0,Caution
BI,BDI,Burundi,Africa,Eastern Africa,12332788,Gitega,burundi,5.824,2.574,133.0,,1.920445810189378,55.865369700878134,2.574,36.95652173913045,50,48.433104402090386,1,High Risk
UM,UMI,United States Minor Outlying Islands,Americas,North America,0,Washington DC,united states minor outlying islands,,,,,1.332366019094335,69.38029630211616,1.9969999999999999,61.551577152600174,50,61.21759166662652,2,Moderate
IE,IRL,Ireland,Europe,Northern Europe,5458600,Dublin,ireland,0.654,1.26,2.0,,0.5031965966014996,88.43581233016226,1.26,92.96675191815856,50,78.26435050751248,3,Safe
SB,SLB,Solomon Islands,Oceania,Melanesia,750325,Honiara,solomon islands,3.682,,,,1.543725369068719,64.52295186579371,1.9969999999999999,61.551577152600174,50,59.27465389209754,2,Moderate
BM,BMU,Bermuda,Americas,North America,64055,Hamilton,bermuda,6.183,,,,1.9717171230926644,54.68708056200678,1.9969999999999999,61.551577152600174,50,55.34030537058277,2,Moderate
FI,FIN,Finland,Europe,Northern Europe,5650325,Helsinki,finland,0.982,1.42,10.0,,0.6841064359077962,84.27824181560055,1.42,86.14663256606991,50,74.5552864960612,3,Safe
PE,PER,Peru,Americas,South America,34350244,Lima,peru,8.462,2.073,96.0,,2.2472837772089562,48.35415914466712,2.073,58.312020460358056,50,51.83526979597427,0,Caution
BD,BGD,Bangladesh,Asia,Southern Asia,169828911,Dhaka,bangladesh,2.34,2.318,123.0,,1.205970806988609,72.2850416108709,2.318,47.868712702472294,50,58.274630455090055,2,Moderate
DK,DNK,Denmark,Europe,Northern Europe,6011488,Copenhagen,denmark,0.84,1.393,8.0,,0.6097655716208943,85.98670270734321,1.393,87.29752770673487,50,75.58393939495775,3,Safe
VC,VCT,Saint Vincent and the Grenadines,Americas,Caribbean,110872,Kingstown,saint vincent and grenadines,40.405,,,,3.7234016464856636,14.430829419455733,1.9969999999999999,61.551577152600174,50,39.23780491356234,0,Caution
DO,DOM,Dominican Republic,Americas,Caribbean,10771504,Santo Domingo,dominican republic,12.37,1.996,79.0,,2.5930133911138515,40.408791140950306,1.996,61.59420289855073,50,49.64177732594534,0,Caution
MD,MDA,Moldova,Europe,Eastern Europe,2749076,Chișinău,moldova,2.543,1.918,66.0,,1.264973825883335,70.92906665358012,1.918,64.91901108269396,50,62.84732998624024,2,Moderate
BG,BGR,Bulgaria,Europe,Southeast Europe,6437360,Sofia,bulgaria,1.088,1.61,29.0,,0.7362066700203923,83.08090286500013,1.61,78.04774083546462,50,71.64668339663945,3,Safe
CR,CRI,Costa Rica,Americas,Central America,5309625,San José,costa rica,17.745,1.843,54.0,,2.9309270501878752,32.643045116184894,1.843,68.11594202898551,50,48.49200065516961,0,Caution
NA,NAM,Namibia,Africa,Southern Africa,3022401,Windhoek,namibia,12.45,1.789,50.0,,2.598979106047848,40.27169035857732,1.789,70.41773231031543,50,52.23399583652555,0,Caution
SJ,SJM,Svalbard and Jan Mayen,Europe,Northern Europe,2530,Longyearbyen,svalbard and jan mayen,,,,,1.332366019094335,69.38029630211616,1.9969999999999999,61.551577152600174,50,61.21759166662652,2,Moderate
LU,LUX,Luxembourg,Europe,Western Europe,681973,Luxembourg,luxembourg,1.544,,,,0.9337376454778757,78.54135453294839,1.9969999999999999,61.551577152600174,50,64.88201495895942,2,Moderate
RU,RUS,Russia,Europe,Eastern Europe,146028325,Moscow,russia,6.799,3.441,163.0,4.0,2.053995520348361,52.796203649355775,3.441,0.0,0,21.118481459742313,1,High Risk
AE,ARE,United Arab Emirates,Asia,Western Asia,11294243,Abu Dhabi,united arab emirates,0.752,1.812,52.0,2.0,0.5607579925141997,87.11296796005328,1.812,69.43734015345268,66,75.47638923005711,3,Safe
SX,SXM,Sint Maarten,Americas,Caribbean,41349,Philipsburg,sint maarten,,,,,1.332366019094335,69.38029630211616,1.9969999999999999,61.551577152600174,50,61.21759166662652,2,Moderate
BS,BHS,Bahamas,Americas,Caribbean,398165,Nassau,bahamas,31.221,,,,3.4726184138904177,20.194191862220222,1.9969999999999999,61.551577152600174,50,41.54314989066814,0,Caution
JP,JPN,Japan,Asia,Eastern Asia,123210000,Tokyo,japan,0.23,1.44,12.0,1.0,0.20701416938432612,95.24251411626342,1.44,85.29411764705883,100,93.68524094062302,3,Safe
NG,NGA,Nigeria,Africa,Western Africa,223800000,Abuja,nigeria,21.741,2.869,148.0,,3.1241694627292924,28.202054180447533,2.869,24.381926683716955,50,33.5953996772941,0,Caution
GH,GHA,Ghana,Africa,Western Africa,33742380,Accra,ghana,1.813,1.898,61.0,,1.0342515295077197,76.23139968389772,1.898,65.77152600170504,50,65.2240176740706,2,Moderate
SL,SLE,Sierra Leone,Africa,Western Africa,9077691,Freetown,sierra leone,2.137,1.887,57.0,,1.1432669292085411,73.7260676733932,1.887,66.24040920716112,50,64.36254983150562,2,Moderate
PM,SPM,Saint Pierre and Miquelon,Americas,North America,5819,Saint-Pierre,saint pierre and miquelon,16.518,,,,2.8632289237408974,34.198846257163694,1.9969999999999999,61.551577152600174,50,47.14501164864553,0,Caution
AL,ALB,Albania,Europe,Southeast Europe,2363314,Tirana,albania,1.387,1.812,52.0,,0.870037347356693,80.00527978020386,1.812,69.43734015345268,50,67.83331395811734,2,Moderate
TK,TKL,Tokelau,Oceania,Polynesia,2608,Fakaofo,tokelau,,,,,1.332366019094335,69.38029630211616,1.9969999999999999,61.551577152600174,50,61.21759166662652,2,Moderate
SH,SHN,"Saint Helena, Ascension and Tristan da Cunha",Africa,Western Africa,5651,Jamestown,"saint helena, ascension and tristan da cunha",,,,,1.332366019094335,69.38029630211616,1.9969999999999999,61.551577152600174,50,61.21759166662652,2,Moderate
TO,TON,Tonga,Oceania,Polynesia,100179,Nuku'alofa,tonga,0.953,,,,0.6693666518945418,84.61698343208477,1.9969999999999999,61.551577152600174,50,67.31226651861397,2,Moderate
TM,TKM,Turkmenistan,Asia,Central Asia,7057841,Ashgabat,turkmenistan,1.093,2.019,87.0,,0.7385984434638627,83.02593644203378,2.019,60.61381074168797,50,66.3945177993199,2,Moderate
DJ,DJI,Djibouti,Africa,Eastern Africa,1066809,Djibouti,djibouti,,2.276,122.0,,1.332366019094335,69.38029630211616,2.276,49.65899403239558,50,57.64981673056514,2,Moderate
CF,CAF,Central African Republic,Africa,Middle Africa,6470307,Bangui,central african republic,,2.912,150.0,,1.332366019094335,69.38029630211616,2.912,22.54901960784315,50,49.51682440319941,1,High Risk
LB,LBN,Lebanon,Asia,Western Asia,5490000,Beirut,lebanon,2.26,2.674,136.0,,1.1817271953786161,72.84219497070303,2.674,32.693947144075025,50,53.94506213150372,1,High Risk
LV,LVA,Latvia,Europe,Northern Europe,1829000,Riga,latvia,2.497,1.558,22.0,,1.2519054580812388,71.22939670116504,1.558,80.26427962489343,50,67.57104256793406,3,Safe
CC,CCK,Cocos (Keeling) Islands,Oceania,Australia and New Zealand,593,West Island,cocos islands,,,,,1.332366019094335,69.38029630211616,1.9969999999999999,61.551577152600174,50,61.21759166662652,2,Moderate
GM,GMB,Gambia,Africa,Western Africa,2422712,Banjul,gambia,,1.855,55.0,,1.332366019094335,69.38029630211616,1.855,67.60443307757886,50,63.033448444120125,2,Moderate
HN,HND,Honduras,Americas,Central America,9892632,Tegucigalpa,honduras,31.442,2.347,124.0,,3.479453879627923,20.03710294482069,2.347,46.63256606990623,50,37.00461099890015,0,Caution
NU,NIU,Niue,Oceania,Polynesia,1681,Alofi,niue,,,,,1.332366019094335,69.38029630211616,1.9969999999999999,61.551577152600174,50,61.21759166662652,2,Moderate
MR,MRT,Mauritania,Africa,Western Africa,4927532,Nouakchott,mauritania,1.023,2.204,110.0,,0.7045815581856084,83.80769380676533,2.204,52.728047740835464,50,64.34149184495678,2,Moderate
XK,UNK,Kosovo,Europe,Southeast Europe,1585566,Pristina,kosovo,1.986,1.908,63.0,,1.0939346991169987,74.85979387663699,1.908,65.34526854219949,50,64.54749811331465,2,Moderate
WF,WLF,Wallis and Futuna,Oceania,Polynesia,11620,Mata-Utu,wallis and futuna,,,,,1.332366019094335,69.38029630211616,1.9969999999999999,61.551577152600174,50,61.21759166662652,2,Moderate
GS,SGS,South Georgia,Antarctic,,0,King Edward Point,south georgia,,,,,1.332366019094335,69.38029630211616,1.9969999999999999,61.551577152600174,50,61.21759166662652,2,Moderate
PF,PYF,French Polynesia,Oceania,Polynesia,279500,Papeetē,french polynesia,0.354,,,,0.30306317449008324,93.03516866113546,1.9969999999999999,61.551577152600174,50,70.67954061023423,2,Moderate
TG,TGO,Togo,Africa,Western Africa,8095498,Lomé,togo,,2.381,126.0,,1.332366019094335,69.38029630211616,2.381,45.18329070758739,50,56.30710573312268,2,Moderate
BE,BEL,Belgium,Europe,Western Europe,11825551,Brussels,belgium,1.077,1.492,16.0,,0.7309245448939752,83.20229376205705,1.492,83.07757885763002,50,73.20419116211183,3,Safe
ZM,ZMB,Zambia,Africa,Eastern Africa,19693423,Lusaka,zambia,5.25,1.914,64.0,,1.8325814637483102,57.884619828153575,1.914,65.08951406649616,50,57.68070215121028,2,Moderate
KY,CYM,Cayman Islands,Americas,Caribbean,84738,George Town,cayman islands,4.457,,,,1.696899188204095,61.002795325486154,1.9969999999999999,61.551577152600174,50,57.866591275974514,2,Moderate
PN,PCN,Pitcairn Islands,Oceania,Polynesia,35,Adamstown,pitcairn islands,,,,,1.332366019094335,69.38029630211616,1.9969999999999999,61.551577152600174,50,61.21759166662652,2,Moderate
CK,COK,Cook Islands,Oceania,Polynesia,15040,Avarua,cook islands,3.49,,,,1.501852701754163,65.48524649642627,1.9969999999999999,61.551577152600174,50,59.65957174435056,2,Moderate
MG,MDG,Madagascar,Africa,Eastern Africa,31727042,Antananarivo,madagascar,,1.895,59.0,,1.332366019094335,69.38029630211616,1.895,65.89940323955669,50,62.52193949271347,2,Moderate
ME,MNE,Montenegro,Europe,Southeast Europe,623327,Podgorica,montenegro,0.789,1.685,34.0,,0.5816568045265821,86.63268294656135,1.685,74.85080988917306,50,72.10831614537645,3,Safe
KR,KOR,South Korea,Asia,Eastern Asia,51159889,Seoul,south korea,0.48,1.736,41.0,1.0,0.3920420877760237,90.99030417110053,1.736,72.6768968456948,100,88.19919072214866,3,Safe
ET,ETH,Ethiopia,Africa,Eastern Africa,111652998,Addis Ababa,ethiopia,8.632,2.688,138.0,,2.265090888566465,47.944925896694635,2.688,32.09718670076725,50,43.80712636890803,1,High Risk
MN,MNG,Mongolia,Asia,Eastern Asia,3544835,Ulan Bator,mongolia,5.915,1.719,37.0,,1.9336929651167216,55.56093086582668,1.719,73.40153452685422,50,59.24483270438694,2,Moderate
SK,SVK,Slovakia,Europe,Central Europe,5413813,Bratislava,slovakia,1.124,1.609,28.0,,0.7533011033796925,82.68804799115638,1.609,78.09036658141518,50,71.50232917088711,3,Safe
CU,CUB,Cuba,Americas,Caribbean,9748007,Havana,cuba,4.418,2.123,102.0,,1.6897267436629033,61.16762850457764,2.123,56.180733162830336,50,56.321271350680156,2,Moderate
AQ,ATA,Antarctica,Antarctic,,1300,N/A,antarctica,,,,,1.332366019094335,69.38029630211616,1.9969999999999999,61.551577152600174,50,61.21759166662652,2,Moderate
GT,GTM,Guatemala,Americas,Central America,18079810,Guatemala City,guatemala,19.99,2.174,108.0,,3.0440461338325417,30.04340449631212,2.174,54.0068201193521,50,43.21940783433048,0,Caution
GF,GUF,French Guiana,Americas,South America,292354,Cayenne,french guiana,13.3,,,,2.6602595372658615,38.86337716274125,1.9969999999999999,61.551577152600174,50,49.010824010876554,0,Caution
NO,NOR,Norway,Europe,Northern Europe,5606944,Oslo,norway,0.725,1.644,32.0,,0.5452270504833231,87.46989153534658,1.644,76.59846547314578,50,72.96749625608237,3,Safe
GD,GRD,Grenada,Americas,Caribbean,109021,St. George's,grenada,6.378,,,,1.9985025991744838,54.071511469671655,1.9969999999999999,61.551577152600174,50,55.09407773364872,2,Moderate
RE,REU,Réunion,Africa,Eastern Africa,896175,Saint-Denis,reunion,1.699,,,,0.9928813340358676,77.18214678275626,1.9969999999999999,61.551577152600174,50,64.33833185888255,2,Moderate
CL,CHL,Chile,Americas,South America,20206953,Santiago,chile,6.348,1.899,62.0,,1.9944281673528792,54.16514782284101,1.899,65.72890025575448,50,56.38472920586275,2,Moderate
CO,COL,Colombia,Americas,South America,53057212,Bogotá,colombia,25.269,2.695,140.0,,3.2683895367376614,24.88766769044618,2.695,31.798806479113395,50,34.49470901991249,0,Caution
SA,SAU,Saudi Arabia,Asia,Western Asia,35300280,Riyadh,saudi arabia,0.795,2.035,90.0,,0.5850050219402422,86.55573605385084,2.035,59.93179880647911,50,67.60183406348406,2,Moderate
IL,ISR,Israel,Asia,Western Asia,10134800,Jerusalem,israel,1.626,3.108,155.0,3.0,0.9654617758806044,77.8122880008667,3.108,14.194373401534534,33,45.28322722080704,1,High Risk
DE,DEU,Germany,Europe,Western Europe,83491249,Berlin,germany,0.91,1.533,20.0,2.0,0.6471032420585385,85.1286288828944,1.533,81.3299232736573,66,78.25042853525495,3,Safe
NZ,NZL,New Zealand,Oceania,Australia and New Zealand,5324700,Wellington,new zealand,1.111,1.282,3.0,,0.7471617688661836,82.82913880329944,1.282,92.02898550724638,50,75.74035117349369,3,Safe
GL,GRL,Greenland,Americas,North America,56542,Nuuk,greenland,5.365,,,,1.85081423200937,57.465604367127845,1.9969999999999999,61.551577152600174,50,56.45171489263119,2,Moderate
KG,KGZ,Kyrgyzstan,Asia,Central Asia,7281800,Bishkek,kyrgyzstan,,,,,1.332366019094335,69.38029630211616,1.9969999999999999,61.551577152600174,50,61.21759166662652,2,Moderate
SV,SLV,El Salvador,Americas,Central America,6029976,San Salvador,el salvador,7.828,2.136,104.0,,2.17792848839449,49.94804428054265,2.136,55.62659846547314,50,51.66719725185901,0,Caution
FO,FRO,Faroe Islands,Europe,Northern Europe,54885,Tórshavn,faroe islands,,,,,1.332366019094335,69.38029630211616,1.9969999999999999,61.551577152600174,50,61.21759166662652,2,Moderate
PW,PLW,Palau,Oceania,Micronesia,16733,Ngerulmud,palau,11.195,,,,2.501026031667884,42.52279408745358,1.9969999999999999,61.551577152600174,50,50.47459078076149,0,Caution
MT,MLT,Malta,Europe,Southern Europe,574250,Valletta,malta,0.563,,,,0.44660705143933954,89.73632216036732,1.9969999999999999,61.551577152600174,50,69.36000200992697,2,Moderate
SY,SYR,Syria,Asia,Western Asia,25620000,Damascus,syria,2.073,3.184,157.0,,1.1226542831483477,74.19977617822394,3.184,10.954816709292402,50,47.9663554840773,1,High Risk
TL,TLS,Timor-Leste,Asia,South-Eastern Asia,1391221,Dili,timor-leste,4.064,1.758,44.0,,1.6221566848418751,62.720486465751726,1.758,71.73913043478261,50,61.60993371673547,2,Moderate
HR,HRV,Croatia,Europe,Southeast Europe,3866233,Zagreb,croatia,0.769,1.519,19.0,,0.5704144151776482,86.89104936073528,1.519,81.92668371696506,50,74.33442485938363,3,Safe
PG,PNG,Papua New Guinea,Oceania,Melanesia,11781559,Port Moresby,papua new guinea,9.402,2.23,116.0,,2.3419980953508808,46.177486731913625,2.23,51.619778346121066,50,48.95692819660177,0,Caution
NL,NLD,Netherlands,Europe,Western Europe,18100436,Amsterdam,netherlands,0.691,1.491,14.0,,0.5253200699164432,87.92738282358262,1.491,83.12020460358056,50,75.10701451050721,3,Safe
LR,LBR,Liberia,Africa,Western Africa,5248621,Monrovia,liberia,3.117,1.939,70.0,,1.4151247427877676,67.47838079121891,1.939,64.02387041773231,50,61.19851344180726,2,Moderate
SO,SOM,Somalia,Africa,Eastern Africa,19655000,Mogadishu,somalia,,2.983,151.0,,1.332366019094335,69.38029630211616,2.983,19.5225916453538,50,48.608896014452604,1,High Risk
VE,VEN,Venezuela,Americas,South America,28517000,Caracas,venezuela,12.607,2.692,139.0,,2.6105843662087214,40.00498464680576,2.692,31.926683716965044,50,40.57999897381182,0,Caution
HT,HTI,Haiti,Americas,Caribbean,11867032,Port-au-Prince,haiti,41.152,2.731,141.0,,3.7412821329069845,14.019909906087307,2.731,30.264279624893447,50,29.687247849902956,0,Caution
DZ,DZA,Algeria,Africa,Northern Africa,47400000,Algiers,algeria,1.161,2.042,92.0,,0.770571077524749,82.2911589354364,2.042,59.63341858482525,50,65.80648914962214,2,Moderate
MP,MNP,Northern Mariana Islands,Oceania,Micronesia,47329,Saipan,northern mariana islands,,,,,1.332366019094335,69.38029630211616,1.9969999999999999,61.551577152600174,50,61.21759166662652,2,Moderate
MF,MAF,Saint Martin,Americas,Caribbean,31496,Marigot,saint martin,28.727,,,,3.392055723744872,22.04563933686974,1.9969999999999999,61.551577152600174,50,42.283728880527946,0,Caution
HM,HMD,Heard Island and McDonald Islands,Antarctic,,0,N/A,heard island and mcdonald islands,,,,,1.332366019094335,69.38029630211616,1.9969999999999999,61.551577152600174,50,61.21759166662652,2,Moderate
AW,ABW,Aruba,Americas,Caribbean,107566,Oranjestad,aruba,1.931,,,,1.0753436617287555,75.28704288186997,1.9969999999999999,61.551577152600174,50,63.58029029852804,2,Moderate
EG,EGY,Egypt,Africa,Northern Africa,107271260,Cairo,egypt,1.336,2.157,107.0,3.0,0.8484400649659807,80.50161665611178,2.157,54.73145780051151,33,58.52008400259816,2,Moderate
MW,MWI,Malawi,Africa,Eastern Africa,20734262,Lilongwe,malawi,1.791,1.955,71.0,,1.026399954554185,76.41184026493444,1.955,63.34185848252345,50,64.56729365073082,2,Moderate
GQ,GNQ,Equatorial Guinea,Africa,Middle Africa,1668768,Malabo,equatorial guinea,,2.004,82.0,,1.332366019094335,69.38029630211616,2.004,61.25319693094629,50,61.128077600130354,2,Moderate
VI,VIR,United States Virgin Islands,Americas,Caribbean,87146,Charlotte Amalie,united states virgin islands,,,,,1.332366019094335,69.38029630211616,1.9969999999999999,61.551577152600174,50,61.21759166662652,2,Moderate
EC,ECU,Ecuador,Americas,South America,18103660,Quito,ecuador,45.723,2.459,129.0,,3.844236548787215,11.653868095155943,2.459,41.85848252344417,50,32.219091995095624,0,Caution
UZ,UZB,Uzbekistan,Asia,Central Asia,37859698,Tashkent,uzbekistan,1.405,1.926,67.0,,0.8775499035577246,79.83263034184185,1.926,64.57800511508952,50,66.3064536712636,2,Moderate
GA,GAB,Gabon,Africa,Middle Africa,2469296,Libreville,gabon,,2.238,117.0,,1.332366019094335,69.38029630211616,2.238,51.27877237851662,50,58.13575023440145,2,Moderate
SS,SSD,South Sudan,Africa,Middle Africa,15786898,Juba,south sudan,14.054,3.117,156.0,,2.71164373661234,37.68249372966507,3.117,13.810741687979544,50,34.21621999825989,1,High Risk
IR,IRN,Iran,Asia,Southern Asia,85961000,Tehran,iran,2.421,2.75,142.0,,1.2299329059954676,71.73435781898908,2.75,29.454390451832907,50,52.53006026314551,1,High Risk
KZ,KAZ,Kazakhstan,Asia,Central Asia,20426568,Astana,kazakhstan,2.634,1.875,56.0,,1.2903339699739793,70.34625375782718,1.875,66.75191815856778,50,63.16407695070121,2,Moderate
NI,NIC,Nicaragua,Americas,Central America,6803886,Managua,nicaragua,11.006,2.207,111.0,,2.4854065248296515,42.88175301048199,2.207,52.600170502983815,50,47.93275235508794,0,Caution
IS,ISL,Iceland,Europe,Northern Europe,391810,Reykjavik,iceland,1.073,1.095,1.0,,0.7289968334536425,83.24659536707557,1.095,100.0,50,78.29863814683023,3,Safe
SI,SVN,Slovenia,Europe,Central Europe,2130638,Ljubljana,slovenia,0.566,1.409,9.0,,0.44852459756861135,89.69225416894163,1.409,86.61551577152599,50,76.86155639903446,3,Safe
GP,GLP,Guadeloupe,Americas,Caribbean,378561,Basse-Terre,guadeloupe,5.781,,,,1.9141245837017051,56.010640654419355,1.9969999999999999,61.551577152600174,50,55.869729407547794,2,Moderate
CM,CMR,Cameroon,Africa,Middle Africa,29442327,Yaoundé,cameroon,4.537,2.683,137.0,,1.71145283784083,60.668331346959775,2.683,32.31031543052005,50,48.960427167939926,1,High Risk
AR,ARG,Argentina,Americas,South America,46735004,Buenos Aires,argentina,4.309,1.768,46.0,1.0,1.6694034936015345,61.634686269590375,1.768,71.31287297527707,100,76.04773640041927,3,Safe
AZ,AZE,Azerbaijan,Asia,Western Asia,10241722,Baku,azerbaijan,2.365,2.067,95.0,,1.213427963096691,72.11366534700196,2.067,58.56777493606138,50,61.415798619619196,2,Moderate
UG,UGA,Uganda,Africa,Eastern Africa,45905417,Kampala,uganda,8.768,2.217,113.0,,2.2791117368084035,47.622706467041986,2.217,52.173913043478265,50,49.70125649986027,0,Caution
NE,NER,Niger,Africa,Western Africa,26312034,Niamey,niger,4.389,2.759,143.0,,1.6843598389513597,61.29096775947244,2.759,29.07075873827793,50,48.23761472527235,1,High Risk
CX,CXR,Christmas Island,Oceania,Australia and New Zealand,1692,Flying Fish Cove,christmas island,,,,,1.332366019094335,69.38029630211616,1.9969999999999999,61.551577152600174,50,61.21759166662652,2,Moderate
MM,MMR,Myanmar,Asia,South-Eastern Asia,51316756,Naypyidaw,myanmar,3.872,3.045,153.0,,1.5835045304075959,63.60876903908467,3.045,16.87979539641944,50,45.5074462345597,1,High Risk
PL,POL,Poland,Europe,Central Europe,37392000,Warsaw,poland,0.802,1.713,36.0,,0.5888971591861462,86.46628909444694,1.713,73.65728900255755,50,71.68370233854604,3,Safe
JO,JOR,Jordan,Asia,Western Asia,11734000,Amman,jordan,0.988,1.957,72.0,,0.6871291082343823,84.20877642118981,1.957,63.25660699062233,50,67.66049266566262,2,Moderate
HK,HKG,Hong Kong,Asia,Eastern Asia,7527500,City of Victoria,hong kong,0.401,,,,0.33718626735486995,92.25097049201271,1.9969999999999999,61.551577152600174,50,70.36586134258513,2,Moderate
CD,COD,DR Congo,Africa,Middle Africa,112832000,Kinshasa,dr congo,,,,,1.332366019094335,69.38029630211616,1.9969999999999999,61.551577152600174,50,61.21759166662652,2,Moderate
ER,ERI,Eritrea,Africa,Eastern Africa,3607000,Asmara,eritrea,14.573,2.542,132.0,,2.745538645513202,36.9035395590111,2.542,38.32054560954818,50,41.25757950646889,0,Caution
KI,KIR,Kiribati,Oceania,Micronesia,120740,South Tarawa,kiribati,7.167,,,,2.1001016443761387,51.73661804288101,1.9969999999999999,61.551577152600174,50,54.16012036293246,0,Caution
MH,MHL,Marshall Islands,Oceania,Micronesia,42418,Majuro,marshall islands,4.013,,,,1.6120345382813663,62.953108075750464,1.9969999999999999,61.551577152600174,50,58.646716376080235,2,Moderate
BF,BFA,Burkina Faso,Africa,Western Africa,24070553,Ouagadougou,burkina faso,,3.016,152.0,,1.332366019094335,69.38029630211616,3.016,18.1159420289855,50,48.186901129542115,1,High Risk
ZW,ZWE,Zimbabwe,Africa,Southern Africa,17073087,Harare,zimbabwe,6.76,2.223,114.0,,2.048982334195127,52.91141393871657,2.223,51.91815856777494,50,51.74001314581911,0,Caution
KE,KEN,Kenya,Africa,Eastern Africa,53330978,Nairobi,kenya,4.892,2.392,127.0,,1.773595498600384,59.24020286560668,2.392,44.714407502131294,50,52.11040339688206,2,Moderate
KM,COM,Comoros,Africa,Eastern Africa,919901,Moroni,comoros,,,,,1.332366019094335,69.38029630211616,1.9969999999999999,61.551577152600174,50,61.21759166662652,2,Moderate
GI,GIB,Gibraltar,Europe,Southern Europe,38000,Gibraltar,gibraltar,3.199,,,,1.4348464017020561,67.025148463366,1.9969999999999999,61.551577152600174,50,60.27553253112645,2,Moderate
BN,BRN,Brunei,Asia,South-Eastern Asia,455500,Bandar Seri Begawan,brunei,0.486,,,,0.39608794629556743,90.89732447385774,1.9969999999999999,61.551577152600174,50,69.82440293532315,2,Moderate
SE,SWE,Sweden,Europe,Northern Europe,10605098,Stockholm,sweden,1.147,1.709,35.0,,0.7640715188966439,82.44052822023315,1.709,73.82779198635976,50,70.12454888400119,3,Safe
LS,LSO,Lesotho,Africa,Southern Africa,2116427,Maseru,lesotho,37.694,2.267,119.0,,3.6556845492562955,15.987066536530719,2.267,50.04262574595056,50,36.40761433839745,0,Caution
IM,IMN,Isle of Man,Europe,Northern Europe,84530,Douglas,isle of man,0.0,,,,0.0,100.0,1.9969999999999999,61.551577152600174,50,73.46547314578005,2,Moderate
FM,FSM,Micronesia,Oceania,Micronesia,105564,Palikir,micronesia,0.898,,,,0.6408007001877362,85.27347043683815,1.9969999999999999,61.551577152600174,50,67.57486132051531,2,Moderate
TZ,TZA,Tanzania,Africa,Eastern Africa,68153004,Dodoma,tanzania,3.705,1.965,73.0,,1.548625773037343,64.41033347462428,1.965,62.9156010230179,50,59.63881369675508,2,Moderate
CV,CPV,Cape Verde,Africa,Western Africa,491233,Praia,cape verde,6.179,,,,1.971160097594346,54.69988181591617,1.9969999999999999,61.551577152600174,50,55.34542587214652,2,Moderate
AF,AFG,Afghanistan,Asia,Southern Asia,43844000,Kabul,afghanistan,4.022,3.229,158.0,,1.6138282607353933,62.911885731986494,3.229,9.036658141517478,50,42.87575173524984,1,High Risk
AD,AND,Andorra,Europe,Southern Europe,88406,Andorra la Vella,andorra,2.574,,,,1.2736854167372362,70.72886165971141,1.9969999999999999,61.551577152600174,50,61.75701780966462,2,Moderate
GR,GRC,Greece,Europe,Southern Europe,10400720,Athens,greece,0.84,1.764,45.0,,0.6097655716208943,85.98670270734321,1.764,71.48337595907928,50,70.83969387066108,3,Safe
VN,VNM,Vietnam,Asia,South-Eastern Asia,101343800,Hanoi,vietnam,1.537,1.721,38.0,1.0,0.9309822806171448,78.60467681406787,1.721,73.31628303495312,100,83.43675563611308,3,Safe
TF,ATF,French Southern and Antarctic Lands,Antarctic,,400,Port-aux-Français,french southern and antarctic lands,,,,,1.332366019094335,69.38029630211616,1.9969999999999999,61.551577152600174,50,61.21759166662652,2,Moderate
IQ,IRQ,Iraq,Asia,Western Asia,46118793,Baghdad,iraq,9.41,2.862,147.0,,2.3427668826268775,46.159818885195556,2.862,24.68030690537084,50,40.86801962568947,1,High Risk
LY,LBY,Libya,Africa,Northern Africa,7459000,Tripoli,libya,,2.478,131.0,,1.332366019094335,69.38029630211616,2.478,41.048593350383626,50,55.066696525961554,2,Moderate
PT,PRT,Portugal,Europe,Southern Europe,10749635,Lisbon,portugal,0.797,1.371,7.0,,0.586118607801422,86.53014423551953,1.371,88.23529411764706,50,76.08264592950192,3,Safe
PK,PAK,Pakistan,Asia,Southern Asia,241499431,Islamabad,pakistan,4.335,2.797,144.0,,1.6742888847537167,61.522412894718684,2.797,27.450980392156865,50,47.84425927553453,1,High Risk
MV,MDV,Maldives,Asia,Southern Asia,515132,Malé,maldives,0.595,,,,0.4668737362368079,89.27056434716617,1.9969999999999999,61.551577152600174,50,69.17369888464651,2,Moderate
MA,MAR,Morocco,Africa,Northern Africa,36828330,Rabat,morocco,1.705,2.012,85.0,,0.9951019122984449,77.13111467336316,2.012,60.91219096334186,50,64.12610315834782,2,Moderate
BA,BIH,Bosnia and Herzegovina,Europe,Southeast Europe,3422000,Sarajevo,bosnia and herzegovina,1.224,1.895,59.0,,0.7993073763883359,81.6307571059339,1.895,65.89940323955669,50,67.42212381424056,2,Moderate
WS,WSM,Samoa,Oceania,Polynesia,205557,Apia,samoa,6.199,,,,1.9739421274871658,54.63594673368201,1.9969999999999999,61.551577152600174,50,55.31985183925286,2,Moderate
PS,PSE,Palestine,Asia,Western Asia,5483450,Ramallah,palestine,1.41,2.811,145.0,,0.8796267475025636,79.78490145555507,2.811,26.854219948849106,50,54.97022656687676,1,High Risk
OM,OMN,Oman,Asia,Western Asia,5343630,Muscat,oman,0.139,1.738,42.0,,0.1301506844650451,97.00894848916565,1.738,72.5916453537937,50,75.58107300180437,3,Safe
BH,BHR,Bahrain,Asia,Western Asia,1594654,Manama,bahrain,0.204,2.099,100.0,,0.1856493468866293,95.73350872664986,2.099,57.203751065643644,50,70.45452881035304,2,Moderate
US,USA,United States,Americas,North America,340110988,"Washington, D.C.",united states,5.763,,,1.0,1.911466578592803,56.071725467222805,1.9969999999999999,61.551577152600174,100,70.89416333266918,3,Safe
PR,PRI,Puerto Rico,Americas,Caribbean,3203295,San Juan,puerto rico,14.312,,,,2.7286368347105983,37.29196768710551,1.9969999999999999,61.551577152600174,50,48.38226022062226,0,Caution
IO,IOT,British Indian Ocean Territory,Africa,Eastern Africa,0,Diego Garcia,british indian ocean territory,,,,,1.332366019094335,69.38029630211616,1.9969999999999999,61.551577152600174,50,61.21759166662652,2,Moderate
JE,JEY,Jersey,Europe,Northern Europe,103267,Saint Helier,jersey,,,,,1.332366019094335,69.38029630211616,1.9969999999999999,61.551577152600174,50,61.21759166662652,2,Moderate
MK,MKD,North Macedonia,Europe,Southeast Europe,1822612,Skopje,north macedonia,1.529,1.799,51.0,,0.927823967687828,78.67725942627425,1.799,69.9914748508099,50,67.46834622575267,2,Moderate
TN,TUN,Tunisia,Africa,Northern Africa,11972169,Tunis,tunisia,4.621,1.998,81.0,,1.726509584019938,60.32230548015486,1.998,61.508951406649615,50,57.58160761405683,2,Moderate
TT,TTO,Trinidad and Tobago,Americas,Caribbean,1367764,Port of Spain,trinidad and tobago,39.516,2.02,89.0,,3.701696957824551,14.929634647248804,2.02,60.571184995737426,50,39.14320935762075,0,Caution
EE,EST,Estonia,Europe,Northern Europe,1369995,Tallinn,estonia,1.536,1.559,24.0,,0.9305880365749795,78.61373711400253,1.559,80.22165387894289,50,70.51199100928389,3,Safe
SG,SGP,Singapore,Asia,South-Eastern Asia,6110200,Singapore,singapore,0.069,1.357,6.0,,0.06672363204290818,98.46659415391784,1.357,88.83205456095482,50,81.03625402985358,3,Safe
PA,PAN,Panama,Americas,Central America,4064780,Panama City,panama,11.319,2.006,84.0,,2.511142785979837,42.29029639914803,2.006,61.1679454390452,50,50.26650219137277,0,Caution
CH,CHE,Switzerland,Europe,Western Europe,9082848,Bern,switzerland,0.597,1.294,5.0,,0.4681268692328754,89.24176553326389,1.294,91.51747655583972,50,78.15194918005747,3,Safe
UY,URY,Uruguay,Americas,South America,3499451,Montevideo,uruguay,11.19,1.784,48.0,,2.5006159434931803,42.532218508535685,1.784,70.6308610400682,50,53.20214571543474,0,Caution
TJ,TJK,Tajikistan,Asia,Central Asia,10499000,Dushanbe,tajikistan,0.912,1.996,79.0,,0.6481498146292095,85.10457712718087,1.996,61.59420289855073,50,67.52009172043756,2,Moderate
TW,TWN,Taiwan,Asia,Eastern Asia,23317031,Taipei,taiwan,,1.73,40.0,,1.332366019094335,69.38029630211616,1.73,72.93265132139813,50,64.6319139172659,2,Moderate
ZA,ZAF,South Africa,Africa,Southern Africa,63100945,Pretoria,south africa,45.534,2.347,124.0,2.0,3.8401832282051016,11.747019281420222,2.347,46.63256606990623,66,38.48857753353996,0,Caution
LI,LIE,Liechtenstein,Europe,Western Europe,40900,Vaduz,liechtenstein,5.123,,,,1.8120521724958174,58.35641271859833,1.9969999999999999,61.551577152600174,50,56.808038233219385,2,Moderate
BR,BRA,Brazil,Americas,South America,213421037,Brasília,brazil,19.275,2.472,130.0,2.0,3.0093886000014765,30.83988489403943,2.472,41.30434782608697,66,44.52725830544186,0,Caution
AM,ARM,Armenia,Asia,Western Asia,3076200,Yerevan,armenia,2.186,1.893,58.0,,1.1587662114878567,73.36987168511281,1.893,65.98465473145781,50,64.14334509348247,2,Moderate
GE,GEO,Georgia,Asia,Western Asia,4000921,Tbilisi,georgia,2.042,2.185,109.0,,1.112515193837101,74.43278715720987,2.185,53.53793691389599,50,60.83449593705275,2,Moderate
AX,ALA,Åland Islands,Europe,Northern Europe,30654,Mariehamn,aland islands,,,,,1.332366019094335,69.38029630211616,1.9969999999999999,61.551577152600174,50,61.21759166662652,2,Moderate
QA,QAT,Qatar,Asia,Western Asia,3173024,Doha,qatar,0.074,1.593,27.0,,0.07138999608667294,98.35935433969347,1.593,78.77237851662404,50,77.9754552908646,3,Safe
DM,DMA,Dominica,Americas,Caribbean,67408,Roseau,dominica,26.121,,,,3.300308335548739,24.15412739597673,1.9969999999999999,61.551577152600174,50,43.12712410417075,0,Caution
UA,UKR,Ukraine,Europe,Eastern Europe,32862000,Kyiv,ukraine,3.843,3.434,162.0,4.0,1.577534363421092,63.74597213608191,3.434,0.298380221653872,0,25.587902920928926,1,High Risk
GN,GIN,Guinea,Africa,Western Africa,14363931,Conakry,guinea,,2.253,118.0,,1.332366019094335,69.38029630211616,2.253,50.6393861892583,50,57.943934377623954,2,Moderate
MO,MAC,Macau,Asia,Eastern Asia,685900,N/A,macau,0.568,,,,0.4498009219282161,89.66292238386649,1.9969999999999999,61.551577152600174,50,69.33064209932664,2,Moderate
EH,ESH,Western Sahara,Africa,Northern Africa,600904,El Aaiún,western sahara,,,,,1.332366019094335,69.38029630211616,1.9969999999999999,61.551577152600174,50,61.21759166662652,2,Moderate
CZ,CZE,Czechia,Europe,Central Europe,10882341,Prague,czechia,,1.435,11.0,,1.332366019094335,69.38029630211616,1.435,85.5072463768116,50,68.40429243388994,3,Safe
AT,AUT,Austria,Europe,Central Europe,9200931,Vienna,austria,0.876,1.294,4.0,,0.6291418505840329,85.54140771173672,1.294,91.51747655583972,50,76.67180605144661,3,Safe
KN,KNA,Saint Kitts and Nevis,Americas,Caribbean,51320,Basseterre,saint kitts and nevis,23.081,,,,3.1814231478175494,26.88628145141469,1.9969999999999999,61.551577152600174,50,44.219985726345925,0,Caution
LC,LCA,Saint Lucia,Americas,Caribbean,184100,Castries,saint lucia,36.696,,,,3.6295539880291217,16.587584735560853,1.9969999999999999,61.551577152600174,50,40.100507040004395,0,Caution
YE,YEM,Yemen,Asia,Western Asia,32684503,Sana'a,yemen,6.311,3.262,159.0,,1.989380063311179,54.2811605759267,3.262,7.630008525149208,50,39.00146678791545,1,High Risk
RW,RWA,Rwanda,Africa,Eastern Africa,14104969,Kigali,rwanda,3.59,2.036,91.0,,1.5238800240724537,64.97902667921545,2.036,59.88917306052856,50,58.958362589844754,2,Moderate
MC,MCO,Monaco,Europe,Western Europe,38423,Monaco,monaco,0.0,,,,0.0,100.0,1.9969999999999999,61.551577152600174,50,73.46547314578005,2,Moderate
ST,STP,São Tomé and Príncipe,Africa,Middle Africa,209607,São Tomé,sao tome and principe,3.225,,,,1.4410192608091372,66.88328720743567,1.9969999999999999,61.551577152600174,50,60.21878802875432,2,Moderate
CG,COG,Republic of the Congo,Africa,Middle Africa,6142180,Brazzaville,congo,,2.132,103.0,,1.332366019094335,69.38029630211616,2.132,55.79710144927536,50,59.491248955629075,2,Moderate
PY,PRY,Paraguay,Americas,South America,6109644,Asunción,paraguay,6.961,1.981,75.0,,2.0745546201064413,52.323725716215776,1.981,62.23358908780904,50,54.59956701282903,2,Moderate
BV,BVT,Bouvet Island,Antarctic,,0,N/A,bouvet island,,,,,1.332366019094335,69.38029630211616,1.9969999999999999,61.551577152600174,50,61.21759166662652,2,Moderate
MZ,MOZ,Mozambique,Africa,Eastern Africa,34090466,Maputo,mozambique,3.573,2.273,121.0,,1.5201694446759182,65.06430117589363,2.273,49.78687127024723,50,55.961781851431624,2,Moderate
FR,FRA,France,Europe,Western Europe,66351959,Paris,france,1.335,1.967,74.0,2.0,0.8480118911208606,80.51145671213307,1.967,62.830349531116795,66,70.85368754418826,2,Moderate
SZ,SWZ,Eswatini,Africa,Southern Africa,1235549,Mbabane,eswatini,12.665,2.094,99.0,,2.6148378193800315,39.9072341233521,2.094,57.416879795396426,50,48.187957587959765,0,Caution
BB,BRB,Barbados,Americas,Caribbean,267800,Bridgetown,barbados,15.268,,,,2.7891999880449783,35.90013857743732,1.9969999999999999,61.551577152600174,50,47.82552857675498,0,Caution
ES,ESP,Spain,Europe,Southern Europe,49315949,Madrid,spain,0.691,1.578,25.0,2.0,0.5253200699164432,87.92738282358262,1.578,79.41176470588235,66,78.79448254119775,3,Safe
TH,THA,Thailand,Asia,South-Eastern Asia,65859640,Bangkok,thailand,4.813,2.017,86.0,1.0,1.7600967887192134,59.55042279837418,2.017,60.69906223358909,100,72.0298877894264,3,Safe
GW,GNB,Guinea-Bissau,Africa,Western Africa,1781308,Bissau,guinea-bissau,1.117,2.112,101.0,,0.7499999921527281,82.76391231536972,2.112,56.649616368286445,50,65.10044983663383,2,Moderate
AO,AGO,Angola,Africa,Middle Africa,36170961,Luanda,angola,4.102,1.987,76.0,,1.6296326197196198,62.54867863851757,1.987,61.97783461210571,50,58.612821839038745,2,Moderate
IN,IND,India,Asia,Southern Asia,1417492000,New Delhi,india,2.832,2.229,115.0,,1.343386860108614,69.12702139002549,2.229,51.66240409207161,50,58.14952978363168,2,Moderate
MQ,MTQ,Martinique,Americas,Caribbean,349925,Fort-de-France,martinique,2.79,,,,1.332366019094335,69.38029630211616,1.9969999999999999,61.551577152600174,50,61.21759166662652,2,Moderate
NC,NCL,New Caledonia,Oceania,Melanesia,264596,Nouméa,new caledonia,3.113,,,,1.414152689248287,67.50071999150683,1.9969999999999999,61.551577152600174,50,60.46576114238279,2,Moderate
SC,SYC,Seychelles,Africa,Eastern Africa,122729,Victoria,seychelles,9.335,,,,2.3355361931337315,46.32599061776648,1.9969999999999999,61.551577152600174,50,51.99586939288665,0,Caution
FK,FLK,Falkland Islands,Americas,South America,3662,Stanley,falkland islands,,,,,1.332366019094335,69.38029630211616,1.9969999999999999,61.551577152600174,50,61.21759166662652,2,Moderate
GB,GBR,United Kingdom,Europe,Northern Europe,69281437,London,united kingdom,,1.634,30.0,2.0,1.332366019094335,69.38029630211616,1.634,77.02472293265133,66,70.65953540064186,3,Safe
FJ,FJI,Fiji,Oceania,Melanesia,900869,Suva,fiji,2.173,,,,1.1546775126010584,73.46383591613451,1.9969999999999999,61.551577152600174,50,62.85100751223386,2,Moderate
SM,SMR,San Marino,Europe,Southern Europe,34132,City of San Marino,san marino,0.0,,,,0.0,100.0,1.9969999999999999,61.551577152600174,50,73.46547314578005,2,Moderate
ML,MLI,Mali,Africa,Western Africa,22395489,Bamako,mali,,3.061,154.0,,1.332366019094335,69.38029630211616,3.061,16.197783461210577,50,47.611453559209636,1,High Risk
CA,CAN,Canada,Americas,North America,41651653,Ottawa,canada,2.273,1.491,14.0,1.0,1.1857069955190436,72.75073339082911,1.491,83.12020460358056,100,84.03635473740582,3,Safe
JM,JAM,Jamaica,Americas,Caribbean,2825544,Kingston,jamaica,49.299,2.047,93.0,,3.9179851961923635,9.959017206358638,2.047,59.420289855072454,50,36.80969383906519,0,Caution
NR,NRU,Nauru,Oceania,Micronesia,11680,Yaren,nauru,,,,,1.332366019094335,69.38029630211616,1.9969999999999999,61.551577152600174,50,61.21759166662652,2,Moderate
ID,IDN,Indonesia,Asia,South-Eastern Asia,284438782,Jakarta,indonesia,0.307,1.786,49.0,1.0,0.2677344346420849,93.84707434670725,1.786,70.54560954816709,100,88.70251260313303,3,Safe
GU,GUM,Guam,Oceania,Micronesia,153836,Hagåtña,guam,4.151,,,,1.6391908705834481,62.32901616955172,1.9969999999999999,61.551577152600174,50,58.39707961360074,2,Moderate
CI,CIV,Ivory Coast,Africa,Western Africa,31719275,Yamoussoukro,ivory coast,,,,,1.332366019094335,69.38029630211616,1.9969999999999999,61.551577152600174,50,61.21759166662652,2,Moderate
KW,KWT,Kuwait,Asia,Western Asia,4881254,Kuwait City,kuwait,0.252,1.642,31.0,,0.22474227267790678,94.83509658820014,1.642,76.6837169650469,50,75.93915372479412,3,Safe
PH,PHL,Philippines,Asia,South-Eastern Asia,114123600,Manila,philippines,4.316,2.148,105.0,2.0,1.6707211408509988,61.60440482456797,2.148,55.1150895140665,66,60.97628878404714,2,Moderate
GY,GUY,Guyana,Americas,South America,772975,Georgetown,guyana,16.198,2.149,106.0,,2.844793097988705,34.62252827386783,2.149,55.07246376811594,50,45.37075043998191,0,Caution
HU,HUN,Hungary,Europe,Central Europe,9539502,Budapest,hungary,0.774,1.5,17.0,,0.5732368838873878,86.82618493583233,1.5,82.73657289002557,50,74.55144584134061,3,Safe
MX,MEX,Mexico,Americas,North America,130575786,Mexico City,mexico,24.859,2.636,135.0,3.0,3.2526587028357694,25.24918507087591,2.636,34.31372549019608,33,30.29379167540919,0,Caution
KP,PRK,North Korea,Asia,Eastern Asia,25950000,Pyongyang,north korea,,2.911,149.0,4.0,1.332366019094335,69.38029630211616,2.911,22.591645353793695,0,34.529612126984574,1,High Risk
RO,ROU,Romania,Europe,Southeast Europe,19036031,Bucharest,romania,1.109,1.721,38.0,,0.7462139014966376,82.85092217032056,1.721,73.31628303495312,50,70.13525377861416,3,Safe
SR,SUR,Suriname,Americas,South America,616500,Paramaribo,suriname,7.281,,,,2.113963734051563,51.41804711536403,1.9969999999999999,61.551577152600174,50,54.03269199192567,0,Caution
AS,ASM,American Samoa,Oceania,Polynesia,49710,Pago Pago,american samoa,0.0,,,,0.0,100.0,1.9969999999999999,61.551577152600174,50,73.46547314578005,2,Moderate
NP,NPL,Nepal,Asia,Southern Asia,29911840,Kathmandu,nepal,2.102,1.987,76.0,,1.132047064754347,73.98391643281394,1.987,61.97783461210571,50,63.18691695675729,2,Moderate
TD,TCD,Chad,Africa,Middle Africa,19340757,N'Djamena,chad,,2.593,134.0,,1.332366019094335,69.38029630211616,2.593,36.14663256606991,50,53.59610829066744,1,High Risk
RS,SRB,Serbia,Europe,Southeast Europe,6567783,Belgrade,serbia,1.314,1.914,64.0,,0.8389776287714849,80.71907716499847,1.914,65.08951406649616,50,66.81448508594823,2,Moderate
KH,KHM,Cambodia,Asia,South-Eastern Asia,17577760,Phnom Penh,cambodia,1.839,2.019,87.0,,1.0434518774908341,76.01996234226402,2.019,60.61381074168797,50,63.592128159412,2,Moderate
MY,MYS,Malaysia,Asia,South-Eastern Asia,34231700,Kuala Lumpur,malaysia,0.724,1.469,13.0,,0.5446471722415014,87.48321797844928,1.469,84.05797101449275,50,75.21067849572754,3,Safe
CY,CYP,Cyprus,Europe,Southern Europe,1442614,Nicosia,cyprus,0.817,1.933,68.0,,0.5971867894140341,86.27578136781226,1.933,64.27962489343564,50,68.7942000151556,2,Moderate
